English,Romanian
say,Spune
they,ei
this,acest
but,dar
at,la
we,noi
his,a lui
from,din
that,acea
not,nu
n't,n't
by,de
or,sau
she,ea
as,la fel de
what,ce
go,merge
their,al lor
will,voi
who,OMS
can,poate sa
get,obține
if,dacă
all,toate
would,ar
her,a ei
make,face
about,despre
my,Ale mele
know,Cunoaște
as,la fel de
there,Acolo
one,unu
up,sus
time,timp
year,an
so,asa de
think,gândi
see,vedea
which,care
when,când
some,niste
them,lor
people,oameni
take,lua
me,pe mine
out,afară
into,în
just,doar
him,#NAME?
come,vino
your,ta
now,acum
could,ar putea
than,decât
like,ca
other,alte
then,apoi
how,Cum
its,este
two,Două
our,al nostru
more,Mai mult
these,aceste
want,vrei
way,cale
no,Nu
look,uite
first,primul
also,de asemenea
new,nou
because,deoarece
day,zi
more,Mai mult
use,utilizare
man,om
here,Aici
find,găsi
give,da
thing,lucru
well,bine
many,mulți
only,numai
those,acestea
tell,spune
very,foarte
one,unu
even,chiar
her,a ei
back,înapoi
any,orice
good,bun
us,ne
through,prin
woman,femeie
life,viaţă
child,copil
there,Acolo
down,jos
work,muncă
after,după
call,apel
may,Mai
world,lume
over,peste
should,ar trebui să
still,încă
try,încerca
in,în
school,şcoală
as,la fel de
last,ultimul
ask,cere
too,de asemenea
need,nevoie
three,Trei
feel,simți
when,când
become,deveni
state,stat
never,nu
between,între
high,înalt
something,ceva
really,într-adevăr
most,cel mai
another,o alta
much,mult
own,propriu
family,familie
out,afară
house,casă
leave,părăsi
put,a pune
old,vechi
on,pe
while,in timp ce
mean,Rău
let,lăsa
why,De ce
president,președinte
keep,a pastra
same,la fel
great,Grozav
begin,ÎNCEPE
big,mare
seem,par
group,grup
country,țară
talk,vorbi
problem,problemă
where,Unde
turn,rotiți
student,student
every,fiecare
hand,mână
help,Ajutor
against,împotriva
start,start
American,american
part,parte
show,spectacol
about,despre
over,peste
might,ar putea
such,astfel de
place,loc
again,din nou
city,oraș
case,caz
most,cel mai
few,puțini
system,sistem
week,săptămână
where,Unde
company,companie
each,fiecare
percent,la sută
hear,auzi
so,asa de
during,pe parcursul
question,întrebare
right,dreapta
program,program
work,muncă
run,alerga
number,număr
small,mic
government,guvern
play,Joaca
off,OFF
move,mutare
like,ca
always,mereu
night,noapte
believe,crede
today,astăzi
hold,ține
point,punct
live,Trăi
happen,întâmpla
bring,aduce
next,Următorul
without,fără
before,inainte de
large,mare
must,trebuie sa
all,toate
war,război
home,Acasă
under,sub
room,cameră
fact,fapt
area,zonă
national,naţional
write,scrie
money,bani
right,dreapta
story,poveste
water,apă
mother,mamă
different,diferit
young,tineri
month,lună
lot,lot
book,carte
eye,ochi
study,studiu
job,loc de munca
kind,drăguț
word,cuvânt
issue,problema
side,latură
four,Patru
business,Afaceri
though,deşi
head,cap
far,departe
long,lung
black,negru
million,milion
both,ambii
little,puțin
yes,da
after,după
since,de cand
around,în jurul
long,lung
provide,furnizați
service,serviciu
important,important
sit,sta
away,departe
friend,prieten
however,in orice caz
power,putere
no,Nu
yet,inca
father,Tată
hour,ora
often,de multe ori
until,pana cand
political,politic
line,linia
end,Sfârşit
stand,stand
among,printre
game,joc
ever,vreodată
lose,pierde
bad,rău
member,membru
meet,întâlni
pay,a plati
law,lege
almost,aproape
car,mașină
later,mai tarziu
much,mult
name,Nume
include,include
five,cinci
center,centru
once,o singura data
university,universitate
continue,continua
least,cel mai puţin
real,real
white,alb
change,Schimbare
set,a stabilit
several,Câteva
ago,în urmă
information,informație
nothing,nimic
community,comunitate
best,Cel mai bun
right,dreapta
idea,idee
lead,conduce
body,corp
learn,învăța
kid,copil
minute,minut
table,masa
whether,dacă
understand,a intelege
team,echipă
back,înapoi
watch,ceas
together,împreună
follow,urma
around,în jurul
only,numai
stop,Stop
face,față
anything,orice
public,public
social,social
already,deja
parent,mamă
speak,vorbi
create,crea
office,birou
allow,permite
level,nivel
read,citit
spend,petrece
person,persoană
door,uşă
sure,sigur
add,adăuga
street,stradă
such,astfel de
history,istorie
party,parte
grow,se dezvolta
reason,motiv
morning,dimineaţă
open,deschis
within,în
change,Schimbare
although,cu toate că
walk,mers pe jos
news,știri
health,sănătate
court,Curte
force,forta
early,din timp
himself,se
air,aer
low,scăzut
before,inainte de
art,artă
result,rezultat
moment,moment
offer,oferi
both,ambii
remember,tine minte
research,cercetare
enough,suficient
girl,fată
boy,băiat
win,victorie
food,alimente
across,peste
guy,tip
second,al doilea
able,in stare
toward,spre
maybe,poate
process,proces
off,OFF
everything,Tot
appear,apărea
age,vârstă
policy,politică
consider,considera
including,inclusiv
probably,probabil
education,educaţie
love,dragoste
actually,de fapt
buy,Cumpără
wait,aștepta
die,a muri
human,uman
send,trimite
fee,taxă
expect,aştepta
serve,servi
sense,sens
teacher,profesor
home,Acasă
market,piaţă
stay,stau
build,construi
nation,naţiune
fall,toamna
oh,Oh
death,moarte
plan,plan
interest,interes
someone,cineva
experience,experienţă
cut,a tăia
kill,ucide
behind,in spate
reach,a ajunge
six,şase
local,local
remain,rămâne
effect,efect
suggest,sugera
use,utilizare
control,Control
perhaps,poate
raise,a ridica
class,clasă
late,târziu
little,puțin
major,major
yeah,Da
else,altfel
pass,trece
photo,fotografie
sell,vinde
themselves,înșiși
field,camp
college,colegiu
sometimes,uneori
former,fost
development,dezvoltare
require,necesită
along,de -a lungul
decide,decide
security,Securitate
up,sus
possible,posibil
effort,efort
role,rol
better,mai bine
rate,rată
strong,puternic
music,muzică
report,raport
leader,lider
light,ușoară
whole,întreg
voice,voce
color,culoare
heart,Inima
care,îngrijire
police,politie
economic,economic
wife,soție
show,spectacol
mind,minte
report,raport
finally,in cele din urma
drug,medicament
less,Mai puțin
return,întoarcere
according,in conformitate
pull,Trage
decision,decizie
explain,explica
carry,transporta
develop,dezvolta
view,vedere
free,gratuit
hope,speranţă
even,chiar
drive,conduce
son,fiule
arm,braţ
department,departament
TRUE,ADEVĂRAT
price,Preț
military,militar
federal,federal
break,pauză
action,acțiune
value,valoare
thank,Mulțumesc
relationship,relaţie
town,oraș
better,mai bine
building,clădire
receive,a primi
society,societate
difference,diferență
church,biserică
full,deplin
join,a te alatura
road,drum
because,deoarece
international,internaţional
model,model
position,poziţie
tax,impozit
director,director
early,din timp
agree,de acord
matter,chestiune
especially,mai ales
form,formă
record,record
special,special
ground,sol
whose,a caror
hard,greu
pick,alege
paper,hârtie
official,oficial
season,sezon
wear,purta
event,eveniment
support,a sustine
space,spaţiu
player,jucător
everyone,toata lumea
couple,cuplu
end,Sfârşit
base,baza
project,proiect
produce,legume şi fructe
site,site
situation,situatie
hit,lovit
industry,industrie
half,jumătate
activity,activitate
American,american
eat,mânca
itself,în sine
need,nevoie
figure,figura
cost,cost
easy,uşor
quite,destul de
face,față
picture,imagine
clear,clar
cover,acoperi
describe,descrie
image,imagine
teach,a preda
wall,perete
doctor,doctor
recent,Recent
product,produs
data,date
practice,practică
phone,telefon
piece,bucată
certain,anumit
either,fie
oil,ulei
simply,pur şi simplu
test,Test
personal,personal
star,stea
land,teren
third,al treilea
general,general
computer,calculator
movie,film
worker,muncitor
open,deschis
catch,captură
type,tip
support,a sustine
north,Nord
love,dragoste
step,Etapa
attention,Atenţie
technology,tehnologie
organization,organizare
baby,bebelus
source,sursă
draw,a desena
cause,cauză
tree,copac
film,film
choose,alege
evidence,dovezi
Republican,Republican
difficult,dificil
century,secol
nearly,aproape
red,roșu
look,uite
point,punct
window,fereastră
park,parc
period,perioadă
culture,cultură
hair,păr
listen,asculta
chance,şansă
less,Mai puțin
available,disponibil
brother,frate
summer,vară
realize,realizează
private,privat
no,Nu
science,ştiinţă
letter,scrisoare
congress,congres
condition,condiție
short,mic de statura
likely,probabil
opportunity,oportunitate
rule,regulă
choice,alegere
single,singur
place,loc
patient,rabdator
floor,podea
term,termen
material,material
mile,mile
administration,administrare
well,bine
course,curs
defense,apărare
plant,plantă
energy,energie
campaign,campanie
population,populație
fire,foc
close,închide
daughter,fiică
involve,implica
husband,soț
wrong,gresit
certainly,cu siguranță
increase,crește
future,viitor
south,sud
medical,medical
call,apel
board,bord
anyone,oricine
deal,afacere
hospital,spital
rest,odihnă
seek,căuta
myself,eu insumi
county,județ
fight,luptă
subject,subiect
risk,risc
order,Ordin
west,Vest
economy,economie
quickly,repede
throw,arunca
bed,pat
officer,ofiţer
represent,reprezinta
soon,curând
top,top
fill,completati
author,autor
past,trecut
upon,peste
goal,poartă
behavior,comportament
drop,cădere brusca
nature,natură
agency,agenţie
plan,plan
recently,recent
second,al doilea
store,magazin
foreign,străin
current,actual
performance,performanţă
bank,bancă
sound,sunet
push,Apăsaţi
focus,Concentrați -vă
reduce,reduce
note,Notă
before,inainte de
fine,amenda
near,aproape
than,decât
movement,circulaţie
common,uzual
other,alte
billion,miliard
blood,sânge
page,pagină
concern,îngrijorare
poor,sărac
enter,introduce
share,acțiune
each,fiecare
series,serie
usually,de obicei
natural,natural
hot,Fierbinte
race,rasă
language,limba
river,râu
dead,mort
act,act
significant,semnificativ
no,Nu
response,raspuns
rise,creştere
decade,deceniu
article,articol
thus,prin urmare
seven,Șapte
shoot,trage
east,Est
animal,animal
away,departe
similar,similar
save,Salvați
factor,factor
central,central
occur,apar
committee,comitet
serious,serios
sport,sport
lie,minciună
beyond,dincolo
exactly,exact
despite,în ciuda
happy,fericit
eight,opt
protect,proteja
list,listă
size,mărimea
quality,calitate
pressure,presiune
accept,Accept
ready,gata
approach,abordare
sign,semn
attack,atac
individual,individual
career,Carieră
answer,Răspuns
dog,câine
media,mass-media
thought,gând
whatever,tot ceea ce
determine,a determina
television,televiziune
meeting,întâlnire
scene,scenă
success,succes
prepare,a pregati
identify,identifica
press,presa
particularly,în special
resource,resursă
amount,Cantitate
argue,argumenta
recognize,recunoaşte
treatment,tratament
left,stânga
degree,grad
stock,stoc
indicate,indica
growth,creştere
simple,simplu
ability,capacitate
dollar,dolar
union,uniune
disease,boală
everybody,toata lumea
wonder,mirare
election,Alegeri
loss,pierderi
box,cutie
deal,afacere
herself,se
fund,fond
miss,Domnișoară
pretty,frumos
region,regiune
feeling,sentiment
lay,lay
training,Instruire
message,mesaj
arrive,ajunge
standard,standard
outside,in afara
fail,eșuează
trade,comerț
staff,personal
benefit,beneficiu
character,caracter
army,armată
association,asociere
operation,Operațiune
present,prezent
crime,crimă
name,Nume
cup,ceașcă
island,insulă
analysis,analiză
check,Verifica
answer,Răspuns
photograph,fotografie
glass,sticlă
forward,redirecţiona
authority,autoritate
earth,Pământ
stage,etapă
one,unu
act,act
sort,fel
station,statie
clearly,clar
little,puțin
compare,comparaţie
indeed,intr-adevar
public,public
knowledge,cunoştinţe
state,stat
blue,albastru
example,exemplu
strategy,strategie
mountain,Munte
guess,ghici
sister,sora
force,forta
gun,armă
various,variat
laugh,a rade
environment,mediu inconjurator
design,proiecta
sun,soare
lawyer,avocat
sex,sex
rather,mai degraba
artist,artist
club,club
prove,dovedi
section,secțiune
skill,abilitate
truth,adevăr
set,a stabilit
ok,O.K
manager,administrator
executive,executiv
district,district
claim,Revendicare
forget,a uita
hang,atârna
entire,întreg
leg,picior
enough,suficient
design,proiecta
close,închide
study,studiu
since,de cand
environmental,de mediu
establish,a stabili
democratic,democratic
remove,elimina
main,principal
professor,Profesor
financial,financiar
enjoy,Bucurați -vă
network,reţea
sound,sunet
discuss,discuta
form,formă
final,final
trial,proces
legal,legal
help,Ajutor
cold,rece
above,de mai sus
rock,Rock
that,acea
seat,scaun
weapon,armă
song,cântec
expert,expert
radio,radio
nice,Grozav
avoid,evita
memory,memorie
management,management
charge,încărca
spring,primăvară
card,card
maintain,menţine
theory,teorie
care,îngrijire
visit,vizita
imagine,imagina
finish,finalizarea
statement,afirmație
firm,firmă
huge,imens
respond,răspunde
popular,popular
hard,greu
physical,fizic
talk,vorbi
traditional,tradiţional
contain,conține
peace,pace
green,verde
thanks,Mulțumiri
control,Control
Democrat,Democrat
base,baza
impact,impact
structure,structura
tonight,astă seară
note,Notă
direction,direcţie
fly,a zbura
onto,pe
king,rege
reveal,dezvălui
cell,celulă
religious,religios
ball,minge
particular,special
employee,angajat
head,cap
suddenly,brusc
apply,aplica
shake,scutura
cultural,cultural
chair,scaun
PM,P.M
justice,justiţie
discover,descoperi
measure,măsura
politics,politică
manage,administra
treat,trata
yourself,tu
pain,durere
evening,seară
rather,mai degraba
unit,unitate
affect,a afecta
play,Joaca
production,producție
bit,pic
inside,interior
far,departe
range,gamă
top,top
worry,îngrijorare
perform,a executa
necessary,necesar
conference,conferinţă
individual,individual
candidate,candidat
museum,muzeu
specific,specific
best,Cel mai bun
throughout,de -a lungul
hall,hol
past,trecut
fish,peşte
trip,călătorie
mention,menționare
edge,margine
trouble,necaz
interview,interviu
style,stil
middle,mijloc
cause,cauză
ten,zece
weight,greutate
adult,adult
dream,vis
fear,frică
dark,întuneric
sign,semn
method,metodă
somebody,cineva
magazine,revistă
reflect,Reflectați
heavy,greu
soldier,soldat
property,proprietate
beautiful,frumoasa
writer,scriitor
stuff,chestie
camera,aparat foto
improve,îmbunătăţi
shoulder,umăr
bar,bar
hotel,hotel
instead,in schimb
hill,deal
exist,exista
sea,mare
institution,instituţie
purpose,scop
pattern,model
detail,detaliu
machine,mașinărie
challenge,provocare
owner,proprietar
agent,agent
tough,greu
ahead,înainte
generation,generaţie
commercial,comercial
whom,pe cine
fall,toamna
down,jos
surface,suprafaţă
budget,buget
senator,senator
bag,sac
reality,realitate
editor,editor
tend,tind
address,abordare
civil,civil
step,Etapa
discussion,discuţie
test,Test
mom,mama
violence,violenţă
total,total
skin,piele
heat,căldură
council,consiliu
notice,înștiințare
beat,bate
nor,nici
modern,modern
vote,vot
sing,cânta
cancer,cancer
finger,deget
lake,lac
wish,dori
marriage,căsătorie
victim,victimă
task,sarcină
yard,curte
kitchen,bucătărie
item,articol
responsibility,responsabilitate
mouth,gură
agreement,acord
attorney,avocat
capital,capital
threat,amenințare
smile,zâmbet
gas,gaz
instead,in schimb
positive,pozitiv
track,urmări
investment,investiții
account,cont
break,pauză
rich,bogat
citizen,cetăţean
audience,public
lady,doamnă
dinner,masa de seara
western,occidental
debate,dezbate
consumer,consumator
majority,majoritate
interesting,interesant
prevent,împiedica
travel,voiaj
born,născut
relate,raporta
assume,presupune
none,nici unul
admit,recunoaște
front,față
figure,figura
coach,antrenor
partner,partener
shot,lovitură
scientist,om de stiinta
senior,senior
suffer,suferi
alone,singur
collection,Colectie
successful,de succes
speech,vorbire
eventually,în cele din urmă
key,cheie
mission,misiune
score,Scor
newspaper,ziar
wind,vânt
reform,reforma
concerned,îngrijorat
professional,profesional
relation,relație
troops,trupe
garden,grădină
access,acces
publish,publica
recall,Reamintim
Soviet,sovietic
cost,cost
southern,Sud
senate,senat
opinion,opinie
option,opțiune
judge,judecător
original,original
customer,client
critical,critic
corner,colţ
basic,de bază
income,sursa de venit
directly,direct
own,propriu
release,eliberare
restaurant,restaurant
neighborhood,Cartier
effective,efectiv
labor,muncă
nobody,nimeni
stare,Uită -te
immediately,imediat
achieve,obține
forest,pădure
dad,tata
hurt,rănit
video,video
strike,grevă
safety,Siguranță
absolutely,absolut
therefore,prin urmare
freedom,libertate
version,versiune
like,ca
plane,avion
attitude,atitudine
sexual,sexual
refer,referi
fresh,proaspăt
involved,implicat
powerful,puternic
bird,pasăre
touch,atingere
variety,varietate
deep,adânc
text,text
wide,lat
credit,credit
nine,nouă
sleep,dormi
investigation,anchetă
hope,speranţă
announce,anunță
by,de
completely,complet
vote,vot
conduct,conduce
conflict,conflict
replace,a inlocui
attend,"a se prezenta, frecventa"
participant,participant
argument,argument
object,obiect
please,Vă rog
nuclear,nuclear
sky,cer
along,de -a lungul
afternoon,dupa amiaza
hundred,sută
encourage,a incuraja
perfect,perfect
possibility,posibilitate
turn,rotiți
British,britanic
once,o singura data
examine,examina
conversation,conversaţie
generally,în general
beginning,început
secretary,secretar
experience,experienţă
beach,plajă
safe,sigur
spirit,spirit
weekend,weekend
date,Data
define,defini
feature,caracteristică
global,global
very,foarte
element,element
attempt,"atentat, încercare"
slowly,încet
governor,guvernator
through,prin
concept,concept
sorry,Îmi pare rău
easily,uşor
battle,luptă
league,ligă
camp,tabără
introduce,introduce
status,stare
insurance,asigurare
complete,complet
stick,băț
solution,soluţie
web,web
vision,viziune
stone,piatră
lack,lipsa
driver,conducător auto
normal,normal
truck,camion
minister,ministru
handle,mâner
hole,gaură
front,față
fan,ventilator
spot,loc
crisis,criză
supposed,presupus
refuse,refuza
drink,băutură
researcher,cercetător
tradition,tradiţie
communication,comunicare
distance,distanţă
ship,navă
gain,câştig
express,expres
independent,independent
ice,gheaţă
scale,scară
brain,creier
winter,iarnă
commission,comision
wood,lemn
increase,crește
return,întoarcere
division,Divizia
species,specii
AM,A.M
roll,rulează
hide,ascunde
middle,mijloc
client,client
resident,rezident
contract,contracta
gold,aur
future,viitor
potential,potenţial
presence,prezenţă
institute,institut
screen,ecran
run,alerga
Chinese,chinez
horse,cal
European,european
target,ţintă
willing,dispus
survey,studiu
interested,interesat
chief,şef
crowd,mulțime
prison,închisoare
terms,termeni
obviously,evident
basis,bază
apartment,apartament
farm,fermă
flight,zbor
shape,formă
demand,cerere
strength,putere
village,sat
operate,a functiona
reporter,reporter
share,acțiune
guard,paznic
observe,observa
deliver,livrați
count,numara
inside,interior
advantage,avantaj
wild,sălbatic
previous,anterior
average,in medie
emerge,ieși
contribute,a contribui
leadership,conducere
boat,barcă
facility,facilitate
present,prezent
earn,câştiga
highly,foarte
vehicle,vehicul
pound,livră
tiny,minuscul
understanding,înţelegere
settle,stabilește
unless,dacă nu
tomorrow,Mâine
foundation,fundație
quick,rapid
block,bloc
light,ușoară
reader,cititor
collect,colectarea
guest,oaspete
living,viaţă
tool,instrument
protection,protecţie
fair,corect
additional,adiţional
promote,promova
equipment,echipament
mostly,Mai ales
order,Ordin
painting,pictură
feed,a hrani
principle,principiu
bowl,castron
claim,Revendicare
technique,tehnică
limit,limită
identity,identitate
title,titlu
critic,critic
survive,supravieţui
cry,strigăt
border,frontieră
lift,lift
path,cale
aspect,aspect
marry,căsătoriți -vă
shop,magazin
failure,eșec
ride,plimbare
responsible,responsabil
gather,aduna
jump,a sari
sample,probă
affair,afacere
result,rezultat
worth,in valoare de
fit,potrivi
chairman,preşedinte
until,pana cand
lesson,lecţie
Christmas,Crăciun
insist,insista
anybody,cineva
folk,FOLK
band,grup
ear,ureche
procedure,procedură
associate,asociat
inch,inch
warm,cald
African,african
French,limba franceza
baseball,baseball
demonstrate,demonstra
foot,picior
Christian,creştin
approach,abordare
competition,competiție
measure,măsura
afraid,frică
spread,răspândire
ignore,ignora
soft,moale
annual,anual
wonderful,minunat
threaten,a ameninta
commit,angajează
deny,negat
intelligence,inteligență
regular,regulat
influence,influență
general,general
past,trecut
reaction,reacţie
cross,cruce
master,maestru
suit,costum
blow,a sufla
destroy,distruge
gift,cadou
coffee,cafea
anyway,oricum
belief,credință
comment,cometariu
apparently,aparent
twice,de două ori
background,fundal
quarter,sfert
review,revizuire
faith,credinţă
move,mutare
speed,viteză
engage,implică
broad,larg
perspective,perspectivă
slightly,puțin
growing,creştere
view,vedere
function,funcţie
construction,constructie
egg,ou
charge,încărca
wave,val
female,Femeie
murder,crimă
tape,bandă
burn,a arde
means,mijloace
aware,conștient
mistake,greşeală
quiet,Liniște
connection,conexiune
shoe,pantof
clothes,haine
promise,promisiune
religion,religie
complete,complet
united,Unit
context,context
active,activ
focus,Concentrați -vă
youth,tineret
location,Locație
neighbor,vecin
dress,rochie
Internet,Internet
category,categorie
dangerous,periculos
extend,extinde
combine,combina
demand,cerere
coast,Coasta
relatively,relativ
smile,zâmbet
bus,autobuz
hey,Hei
chief,şef
following,ca urmare a
depend,depinde
key,cheie
hell,iad
visit,vizita
bone,os
cook,bucătar
fire,foc
direct,direct
native,nativ
cool,rece
cut,a tăia
remind,reaminti
historical,istoric
moral,morală
voter,alegător
appropriate,adecvat
famous,faimos
hire,închiriere
victory,victorie
contact,a lua legatura
fully,in totalitate
negative,negativ
medicine,medicament
participate,participa
grade,grad
eastern,est
supply,livra
yesterday,ieri
familiar,familiar
democracy,democraţie
pair,pereche
drive,conduce
healthy,sănătos
front,față
tie,cravată
birth,naștere
progress,progres
damage,deteriora
exchange,schimb valutar
bottom,partea de jos
daily,zilnic
next,Următorul
document,document
grand,mare
journal,jurnal
knee,genunchi
primary,primar
otherwise,in caz contrar
train,tren
grab,apuca
circle,cerc
lean,a se sprijini
wine,vin
minority,minoritate
flower,floare
device,dispozitiv
Iraqi,Irak
plate,farfurie
attack,atac
clean,curat
alive,în viaţă
actor,actor
hate,ură
expression,expresie
below,de mai jos
bright,luminos
press,presa
tour,tur
finding,găsire
exercise,exercițiu
plastic,plastic
danger,Pericol
neck,gât
valley,vale
academic,academic
start,start
application,aplicație
intend,intenționează
male,masculin
tall,înalt
shut,închis
lots,multe
Indian,indian
respect,respect
colleague,coleg
writing,scris
rain,ploaie
fast,rapid
football,fotbal
welcome,Bine ati venit
domestic,intern
pool,bazin
literature,literatură
extra,suplimentar
northern,de Nord
desire,dorință
direct,direct
fight,luptă
corporate,corporativă
session,sesiune
supreme,suprem
studio,studio
Russian,Rusă
nod,da din cap
learning,învăţare
climb,a urca
importance,importanţă
somewhere,undeva
expand,extinde
fourth,Al patrulea
dry,uscat
disappear,dispărea
abuse,abuz
chicken,pui
obtain,obține
map,Hartă
carefully,cu grija
close,închide
increasingly,tot mai mult
greatest,Cel mai mare
complex,complex
metal,metal
lead,conduce
above,de mai sus
jury,juriu
sweet,dulce
proposal,propunere
impossible,imposibil
scientific,științific
ticket,bilet
leaf,frunze
classroom,sala de clasă
surround,înconjurător
lunch,Masa de pranz
alone,singur
meaning,sens
injury,vătămare
invite,a invita
enemy,dusman
repeat,repeta
bear,urs
lip,buze
mayor,primar
award,adjudecare
attempt,"atentat, încercare"
commitment,angajament
consequence,consecinţă
instruction,instrucțiuni
surprise,surprinde
poll,sondaj
favorite,favorit
explore,explora
predict,prezice
adopt,adopta
sight,vedere
storm,furtună
half,jumătate
assessment,evaluare
weather,vreme
pocket,buzunar
aid,ajutor
reading,citind
thin,subţire
soul,suflet
strange,ciudat
married,căsătorit
organize,organiza
conclusion,concluzie
fuel,combustibil
urban,urban
belong,aparține
salt,sare
farmer,agricultor
straight,Drept
advice,sfat
cover,acoperi
balance,echilibru
temperature,temperatura
empty,gol
conclude,încheia
somehow,oarecum
presidential,prezidenţial
limit,limită
prime,prim
breast,sân
desk,birou
record,record
breath,suflare
theater,teatru
under,sub
acknowledge,recunoaște
theme,temă
fat,gras
software,software
sugar,zahăr
educational,educational
thousand,mie
code,cod
fear,frică
connect,conectați
yellow,galben
instrument,instrument
Japanese,japonez
panel,panou
library,bibliotecă
expensive,scump
emotional,emoţional
engine,motor
propose,propune
mental,mental
difficulty,dificultate
train,tren
brown,maro
basically,pe scurt
last,ultimul
average,in medie
ring,inel
mark,marcă
locate,localiza
search,căutare
largely,în mare parte
possibly,eventual
anymore,mai
generate,Genera
regional,regional
obvious,evident
angry,furios
analyst,analist
accident,accident
trend,tendinţă
like,ca
appearance,aspect
currently,în prezent
shadow,umbră
being,fiind
moon,Luna
bridge,pod
but,dar
recommend,recomanda
hearing,auz
fruit,fructe
dance,dans
shift,schimb
comfortable,confortabil
struggle,lupta
revenue,venituri
notion,noţiune
okay,bine
package,pachet
ought,ar trebui
traffic,trafic
internal,intern
prefer,prefera
crew,echipaj
search,căutare
profit,profit
regulation,regulament
link,legătură
thinking,gândire
hardly,cu greu
airport,aeroport
human,uman
extremely,extrem
sick,bolnav
capture,captură
unique,unic
actual,real
chest,cufăr
meal,masă
beauty,frumuseţe
extent,măsură
defend,apăra
visitor,vizitator
outside,in afara
judge,judecător
dozen,duzină
declare,declara
emergency,de urgență
ad,anunț
truly,cu adevărat
planet,planetă
select,Selectați
ethnic,etnic
nose,nas
loan,împrumut
cash,bani lichizi
contribution,contribuţie
slow,încet
contrast,contrast
bottle,sticla
launch,lansa
novel,roman
feature,caracteristică
duty,datorie
root,rădăcină
content,conţinut
component,componentă
appreciate,a aprecia
circumstance,circumstanţă
teaching,predare
paint,a picta
matter,chestiune
thick,gros
cat,pisică
neither,nici
standard,standard
ourselves,noi insine
correct,corect
warn,a avertiza
capacity,capacitate
challenge,provocare
convention,convenţie
politician,politician
pursue,urmări
setting,setare
zone,zona
dress,rochie
pilot,pilot
ensure,asigura
ultimately,în cele din urmă
male,masculin
wake,trezi
shirt,cămaşă
influence,influență
guide,ghid
AIDS,SIDA
mix,amesteca
slip,alunecare
steal,fura
late,târziu
frequently,des
blame,Vina
sheet,foaie
estimate,estima
relief,relief
combination,combinaţie
investor,investitor
due,datorat
silence,tăcere
manner,manieră
muscle,muşchi
branch,ramură
chain,lanţ
long,lung
telephone,telefon
investigate,investiga
German,limba germana
percentage,procent
outcome,rezultat
estate,imobiliar
forth,mai departe
stress,stres
equal,egal
English,Engleză
welfare,bunăstare
typical,tipic
crazy,nebun
except,cu exceptia
funny,amuzant
meat,carne
appeal,recurs
long-term,termen lung
official,oficial
eliminate,înlătura
used,folosit
motion,mişcare
complain,se plânge
row,rând
Jewish,Evreiesc
kick,lovitură
snow,zăpadă
producer,producător
solve,rezolva
just,doar
issue,problema
opposition,opoziţie
basketball,baschet
rely,bazează
conservative,conservator
trust,încredere
back,înapoi
address,abordare
mirror,oglindă
tank,rezervor
range,gamă
significantly,semnificativ
somewhat,oarecum
attract,a atrage
anywhere,oriunde
regime,regim
fix,fix
entirely,în întregime
afford,permite
length,lungime
secret,secret
pleasure,plăcere
file,fişier
tooth,dinte
confirm,a confirma
separate,separa
golden,de aur
photograph,fotografie
meanwhile,între timp
except,cu exceptia
now,acum
channel,canal
bedroom,dormitor
requirement,cerinţă
ancient,vechi
coverage,acoperire
trail,traseu
bear,urs
host,gazdă
his,a lui
check,Verifica
stand,stand
surgery,interventie chirurgicala
perception,percepţie
rare,rar
struggle,lupta
era,eră
grant,acorda
file,fişier
ocean,ocean
seriously,Serios
clear,clar
confidence,încredere
aside,deoparte
tear,rupere
judgment,hotărâre
industrial,industrial
expectation,așteptare
resolution,rezoluţie
copy,copie
wing,aripă
doubt,îndoială
fun,distracţie
totally,intru totul
pour,se toarnă
gender,gen
surprised,uimit
beer,bere
clean,curat
score,Scor
bond,legătură
plus,la care se adauga
debt,creanţă
smart,inteligent
English,Engleză
terrible,teribil
witness,martor
reference,referinţă
account,cont
separate,separa
mean,Rău
vice,viciu
black,negru
rest,odihnă
hero,erou
bomb,bombă
below,de mai jos
rating,rating
busy,ocupat
cite,cita
corporation,corporație
representative,reprezentant
everywhere,pretutindeni
soil,sol
highway,autostradă
frame,cadru
stretch,întinde
oppose,opune
Catholic,catolic
cloud,nor
initial,iniţială
variable,variabil
essential,esenţial
travel,voiaj
improvement,îmbunătăţire
opening,deschidere
necessarily,neapărat
nurse,asistent medical
incident,incident
abortion,intrerupere de sarcina
divide,divide
aim,scop
tired,obosit
careful,atent
question,întrebare
cheap,ieftin
beside,lângă
apart,în afară
criminal,penal
employ,angaja
rush,te grabesti
user,utilizator
upper,superior
winner,câştigător
fashion,Modă
tip,bacsis
apple,măr
rise,creştere
vast,vast
specifically,specific
limited,limitat
enormous,enorm
holiday,vacanţă
e-mail,e-mail
emphasize,scoate in evidenta
merely,doar
dance,dans
core,nucleu
match,Meci
landscape,peisaj
overall,per total
golf,golf
lack,lipsa
virtually,practic
route,traseu
flow,curgere
fewer,mai putine
cable,cablu
gate,Poartă
tie,cravată
proud,mândru
promise,promisiune
dish,farfurie
beneath,sub
increased,crescut
succeed,a reusi
barely,de abia
narrow,îngust
solid,solid
contemporary,contemporan
accuse,acuza
unfortunately,din pacate
useful,util
noise,zgomot
expose,expune
mass,masa
multiple,multiplu
vegetable,vegetal
seed,sămânță
reject,respinge
decline,declin
experiment,experiment
legislation,legislație
hat,pălărie
either,fie
secret,secret
massive,masiv
grass,iarbă
definitely,categoric
closer,mai aproape
liberal,liberal
stir,se amesteca
captain,căpitan
revolution,revoluţie
typically,de obicei
sector,sector
hand,mână
approve,aproba
uncle,Unchiul
volume,volum
explanation,explicaţie
sentence,propoziție
escape,evadare
unusual,neobișnuit
distribution,distribuție
rural,rural
cast,distribuit
drink,băutură
sleep,dormi
household,gospodărie
celebrate,sărbători
taste,gust
characteristic,caracteristică
outside,in afara
addition,plus
acquire,dobândi
closely,îndeaproape
proper,propriu -zis
tone,ton
topic,subiect
towards,către
waste,deşeuri
wheel,roată
athlete,atlet
convince,convinge
alternative,alternativă
pepper,piper
cream,cremă
land,teren
technical,tehnic
square,pătrat
plenty,mult
behind,in spate
invest,investi
mind,minte
potential,potenţial
regard,atenție
intervention,intervenţie
illegal,ilegal
lower,inferior
compete,concura
talent,talent
guilty,vinovat
living,viaţă
milk,lapte
height,înălţime
list,listă
live,Trăi
assistance,asistenţă
personality,personalitate
Israeli,Israel
gay,gay
forever,pentru totdeauna
assess,evalua
weak,slab
female,Femeie
cigarette,ţigară
permit,permite
passenger,pasager
criticism,critică
twenty,douăzeci
honor,onora
creative,creativ
offer,oferi
knock,bate
display,afişa
campus,Campus
definition,definiție
gray,gri
signal,semnal
warning,avertizare
physician,medic
column,coloană
interaction,interacţiune
dramatic,dramatic
review,revizuire
republic,republică
primarily,în primul rând
priority,prioritate
achievement,realizare
fun,distracţie
request,cerere
wrap,înveliș
engineer,inginer
rice,orez
scholar,savant
airline,Compania aeriană
expense,cheltuieli
observation,observare
gap,decalaj
agenda,agendă
creation,creare
drag,trage
suspect,suspect
fishing,pescuit
bread,pâine
hi,Bună
unable,incapabil
scream,ţipăt
journalist,Jurnalist
constitution,constituţie
lucky,norocos
excellent,excelent
mass,masa
payment,plată
deep,adânc
selection,selecţie
lab,laborator
arrest,arestare
deeply,profund
sad,trist
childhood,copilărie
suppose,presupune
fairly,destul de
prosecutor,procuror
violent,violent
recover,recupera
roof,acoperiş
amendment,amendament
emotion,emoţie
existing,existent
far,departe
graduate,absolvent
factory,fabrică
schedule,programa
avenue,bulevard
spiritual,spiritual
ride,plimbare
wash,spalare
planning,planificare
self,de sine
later,mai tarziu
shout,strigăt
silent,tăcut
brief,scurt
error,eroare
widely,pe scară largă
description,Descriere
dark,întuneric
immediate,imediat
purchase,cumpărare
leading,conducere
funding,finanțarea
settlement,decontare
prayer,rugăciune
initiative,inițiativă
coalition,coaliţie
comparison,comparaţie
portion,porţiune
opponent,adversar
tension,tensiune
chapter,capitol
bother,deranja
curriculum,curriculum
consist,constă
immigrant,imigrant
enable,permite
faculty,facultate
steel,oţel
desert,deşert
asset,activ
slow,încet
housing,locuințe
transform,transforma
regarding,in ceea ce priveste
perceive,percepe
depression,depresie
inform,informa
formal,formal
abandon,abandon
release,eliberare
chip,Chip
double,dubla
remaining,rămas
existence,existenţă
cheese,brânză
link,legătură
joint,comun
savings,economii
rule,regulă
preserve,conservare
diet,dietă
territory,teritoriu
tea,ceai
bend,aplecare
gain,câştig
arrange,aranja
resolve,rezolva
walk,mers pe jos
passage,trecere
lock,Lacăt
tear,rupere
resistance,rezistenţă
present,prezent
stream,curent
slide,alunecare
green,verde
sharp,ascuțit
display,afişa
cycle,ciclu
pose,poză
phase,fază
transition,tranziție
reduction,reducere
negotiation,negociere
manufacturer,producător
interview,interviu
quote,citat
deserve,merita
trust,încredere
sale,vânzare
layer,strat
wedding,nuntă
discovery,descoperire
mine,A mea
academy,academie
sand,nisip
hit,lovit
missile,rachetă
elect,alege
climate,climat
participation,participare
knife,cuţit
benefit,beneficiu
atmosphere,atmosfera
joke,glumă
urge,îndemn
ordinary,comun
visual,vizual
numerous,numeroase
occasion,ocazie
philosophy,filozofie
suicide,sinucidere
shall,trebuie
glad,bucuros
goods,bunuri
moreover,în plus
coat,palton
consistent,consistent
alcohol,alcool
opposite,opus
cop,poliţist
universe,univers
breathe,a respira
practical,practic
therapy,terapie
shift,schimb
racial,rasial
elsewhere,în altă parte
rarely,rareori
essentially,in esenta
discipline,disciplina
reply,răspuns
Mexican,mexican
passion,pasiune
tale,poveste
dust,praf
kiss,sărut
iron,fier
independence,independenţă
contact,a lua legatura
Spanish,Spaniolă
advance,avans
pot,oală
potato,cartof
motor,motor
pack,ambalaj
dominate,domina
marketing,marketing
disaster,dezastru
exposure,expunere
complaint,plângere
cap,capac
congressional,Congres
jacket,sacou
intense,intens
touch,atingere
for,pentru
impose,a impune
electric,electric
implement,pune în aplicare
enforcement,executare
analyze,a analiza
sure,sigur
retire,retrage
deficit,deficit
emphasis,accent
concentrate,concentrat
accomplish,realiza
previously,anterior
symbol,simbol
bureau,birou
laboratory,laborator
attach,atașați
fundamental,fundamental
whenever,oricând
arrangement,aranjament
investigator,investigator
mark,marcă
another,o alta
shock,şoc
adjust,regla
employer,angajator
visible,vizibil
pass,trece
priest,preot
volunteer,voluntar
interpretation,interpretare
entertainment,divertisment
habit,obicei
illustrate,ilustra
equally,la fel de
prospect,perspectivă
enhance,spori
severe,sever
other,alte
monitor,monitor
amazing,uimitor
poverty,sărăcie
increasing,crescând
boss,șef
inspire,a inspira
anger,furie
heavily,puternic
parking,parcare
print,imprimare
maker,producător
involvement,implicare
queen,regină
gene,Gene
vary,varia
approximately,aproximativ
gallery,Galerie
evaluate,a evalua
fat,gras
trade,comerț
transfer,transfer
exercise,exercițiu
usual,ca de obicei
mystery,mister
entry,intrare
ring,inel
mood,starea de spirit
bean,fasole
still,încă
objective,obiectiv
capable,capabil
constant,constant
light,ușoară
substance,substanţă
total,total
strongly,puternic
exception,excepție
commander,comandant
spending,cheltuire
crucial,crucial
acre,acru
wire,sârmă
command,comanda
nervous,agitat
cross,cruce
so-called,așa-zisul
competitive,competitiv
Asian,asiatic
tower,turn
veteran,veteran
creature,creatură
smoke,fum
Arab,arab
prince,prinţ
alliance,alianţă
transportation,transport
stop,Stop
luck,noroc
symptom,simptom
bury,îngropa
clinic,Clinica
illness,maladie
championship,campionat
prisoner,prizonier
reputation,reputatie
edition,ediție
juice,suc
sauce,sos
peak,vârf
confront,confrunta
breakfast,mic dejun
recognition,recunoaştere
smell,miros
ally,aliat
pure,pur
toy,jucărie
salary,salariu
electronic,electronic
bathroom,baie
surely,cu siguranţă
psychological,psihologic
evaluation,evaluare
dimension,dimensiune
block,bloc
race,rasă
personnel,personal
belt,centură
accompany,însoți
implication,implicare
album,album
perfectly,perfect
strike,grevă
jet,avion
hello,Buna ziua
shape,formă
relative,relativ
tourist,turist
phenomenon,fenomen
fellow,coleg
toss,arunca
publication,publicare
nearby,din apropiere
consideration,considerare
rather,mai degraba
holy,sfânt
enterprise,afacere
due,datorat
inner,interior
watch,ceas
Indian,indian
pray,Rugați -vă
creek,pârâu
supply,livra
boot,cizme
whisper,şoaptă
resist,a rezista
journey,călătorie
flag,steag
disorder,tulburare
designer,designer
literally,literalmente
apparent,aparent
permanent,permanent
angle,unghi
smooth,neted
unlike,spre deosebire de
tablespoon,Lingura de masa
smoke,fum
consultant,consultant
twin,gemeni
favor,favoare
throat,gât
construct,construi
birthday,zi de nastere
soon,curând
swing,leagăn
supporter,suporter
testing,testare
reasonable,rezonabil
mail,Poștă
silver,argint
retirement,pensionare
sensitive,sensibil
gentleman,domn
navy,Marina
terrorism,terorism
occasionally,ocazional
glance,privire
observer,observator
constantly,constant
bind,lega
wet,umed
line,linia
dig,săpa
quit,părăsi
digital,digital
straight,Drept
vs,vs
assist,asista
employment,angajare
suggestion,sugestie
rapidly,rapid
estimate,estima
embrace,îmbrăţişare
junior,Junior
stomach,stomac
extreme,extrem
pretty,frumos
mine,A mea
recovery,recuperare
negotiate,a negocia
impression,impresie
wage,salariu
fifth,a cincea
FALSE,FALS
count,numara
pink,roz
absence,absența
aggressive,agresiv
corn,porumb
mixture,amestec
substantial,substanțial
grandmother,Bunica
quietly,in liniste
jail,temniță
specialist,specialist
dealer,dealer
poem,poem
butter,unt
conventional,convenţional
pace,ritm
intention,intenție
peer,peer
restore,restabili
wooden,de lemn
criticize,a critica
nevertheless,cu toate acestea
approval,aprobare
historic,istoric
secure,sigur
preparation,Pregătire
Latin,latin
lord,Lord
teaspoon,linguriţă
musical,muzical
weigh,cântărește
comment,cometariu
pan,tigaie
assure,asigura
viewer,vizualizator
arise,apărea
administrator,administrator
immigration,imigrare
plant,plantă
honest,sincer
origin,origine
giant,gigant
diversity,diversitate
tomato,roșie
advise,recomanda
biological,biologic
shell,coajă
essay,eseu
roll,rulează
historian,istoric
deputy,adjunct
date,Data
effectively,în mod eficient
fast,rapid
schedule,programa
buck,dolar
tube,tub
refugee,refugiat
depth,adâncime
flat,apartament
precisely,exact
mad,nebun
alternative,alternativă
disability,dizabilitate
destruction,distrugere
dream,vis
drop,cădere brusca
assumption,presupunere
normally,în mod normal
angel,înger
pop,Pop
criteria,criterii
minor,minor
crop,a decupa
barrier,barieră
assign,atribui
elementary,elementar
valuable,valoros
testimony,mărturie
stake,miza
concert,concert
label,eticheta
routine,rutină
wealth,bogatie
professional,profesional
gang,bandă
incorporate,încorporează
brand,marca
recipe,reţetă
vacation,concediu de odihna
utility,utilitate
satellite,satelit
extraordinary,extraordinar
wave,val
ultimate,final
chemical,chimic
advocate,avocat
wonder,mirare
educator,educator
cake,tort
phrase,fraza
yell,strigăt
personally,personal
respondent,respondent
Palestinian,palestinian
classic,clasic
snap,SNAP
via,prin intermediul
lawsuit,proces
install,instalare
sweep,mătura
festival,festival
draft,proiect
heaven,cer
switch,intrerupator
activist,activist
ceiling,tavan
clock,ceas
graduate,absolvent
aunt,mătuşă
darkness,întuneric
daddy,Tati
royal,regal
advertising,publicitate
rough,stare brută
pregnant,gravidă
penalty,penalizare
distant,îndepărtat
developing,în curs de dezvoltare
yield,Randament
wind,vânt
armed,armat
mechanism,mecanism
rank,rang
killer,ucigaş
fence,gard
ahead,înainte
universal,universal
terror,teroare
wolf,lup
house,casă
anxiety,anxietate
chemical,chimic
found,găsite
protein,proteină
engineering,Inginerie
clothing,îmbrăcăminte
proceed,continua
fiber,fibră
react,reacţiona
bottom,partea de jos
spin,a învârti
roughly,aproximativ
drama,dramă
liberty,libertate
ingredient,ingredient
hip,şold
provision,dispoziţie
burden,povară
teen,adolescent
survival,supravieţuire
unlikely,improbabil
Italian,Italiană
chamber,cameră
lost,pierdut
communicate,comunica
stupid,prost
bet,pariu
advance,avans
Muslim,Musulman
bell,clopot
onion,ceapă
disagree,dezacord
encounter,întâlni
constitutional,constituţional
cabinet,cabinet
remarkable,remarcabil
broken,rupt
latter,acesta din urmă
overcome,a depasi
virus,virus
stranger,străin
retain,reține
match,Meci
prize,premiu
string,şir
exhibition,expoziţie
expansion,expansiune
tremendous,extraordinar
bunch,buchet
assistant,asistent
initially,inițial
accurate,exact
cheek,obraz
index,index
occupy,ocupa
gear,Angrenaj
guarantee,garanție
chocolate,ciocolată
ceremony,ceremonie
button,buton
shopping,cumpărături
pay,a plati
dispute,disputa
like,ca
furniture,mobila
marine,marin
statistics,statistici
Olympic,olimpic
balance,echilibru
wipe,sterge
spokesman,purtător de cuvânt
super,super
Islamic,Islamic
track,urmări
translate,Traduceți
interpret,interpreta
testify,depune mărturie
cooperation,cooperare
friendly,prietenos
profile,profil
pants,pantaloni
whereas,întrucât
honor,onora
elite,elită
decline,declin
port,port
complicated,complicat
cousin,văr
strategic,strategic
terrorist,terorist
chart,diagramă
drawing,desen
though,deşi
gently,ușor
pack,ambalaj
odd,ciudat
incentive,stimulent
innocent,nevinovat
imply,implică
taste,gust
stadium,stadiu
scenario,scenariu
shooting,filmare
blind,ORB
assembly,asamblare
withdraw,retrage
strip,bandă
market,piaţă
lover,iubit
process,proces
mainly,în principal
aircraft,aeronave
newly,recent
ideal,ideal
dirt,murdărie
flow,curgere
boundary,limite
resort,stațiune
genetic,genetic
stick,băț
concentration,concentraţie
naturally,natural
ministry,Ministerul
surprising,surprinzător
adviser,consilier
recommendation,recomandare
similarly,în mod similar
justify,justifica
wildlife,viata salbatica
bench,bancă
bullet,glonţ
mode,Mod
square,pătrat
champion,campion
dismiss,respinge
deck,punte
lifetime,durata de viață
extensive,extensiv
attractive,atractiv
politically,politic
regularly,in mod regulat
raw,brut
fault,vina
clinical,clinic
detect,detecta
considerable,considerabil
working,lucru
partly,parţial
platform,platformă
remote,la distanta
blue,albastru
respect,respect
top,top
fortune,avere
slave,sclav
delivery,livrare
worth,in valoare de
reflection,reflecţie
relevant,relevant
unknown,necunoscut
pause,pauză
likely,probabil
tissue,țesut
sink,chiuvetă
counter,tejghea
Bible,Biblie
license,licență
tragedy,tragedie
assistant,asistent
dialogue,dialog
mutual,reciproc
loose,slăbit
external,extern
pride,mândrie
awareness,conștientizare
electricity,electricitate
diverse,divers
advanced,avansat
free,gratuit
faster,Mai repede
conservative,conservator
online,pe net
assault,asalt
shortly,pe scurt
finance,finanţa
originally,iniţial
founder,fondator
lie,minciună
characterize,caracteriza
protest,protest
pole,stâlp
intellectual,intelectual
communist,comunist
infection,infecţie
controversy,controversă
double,dubla
freeze,îngheţa
portrait,portret
proof,dovadă
satisfaction,satisfacţie
insight,perspectivă
headquarters,sediu
stair,scară
crash,accident
constitute,constitui
thirty,treizeci
alter,modifica
sudden,brusc
not,nu
potentially,potenţial
dirty,murdar
evolve,evolua
teenager,adolescent
violation,încălcare
joy,bucurie
smell,miros
possess,poseda
hurricane,uragan
offense,delict
relax,Relaxați-vă
appeal,recurs
mount,montură
treaty,tratat
prior,înainte
memorial,memorial
establishment,stabilire
hold,ține
tap,Atingeți
swim,înot
properly,corect
gulf,golf
tongue,limbă
salad,salată
practice,practică
favorite,favorit
shelter,adăpost
correspondent,corespondent
introduction,introducere
funeral,înmormântare
literary,literar
convert,convertit
violate,încalcă
rub,freca
entrance,Intrare
episode,episod
tournament,turneu
vital,vital
stable,grajd
split,Despică
representation,reprezentare
stress,stres
fiction,fictiune
lane,BANDĂ
distinction,distincţie
segment,segment
transfer,transfer
comprehensive,cuprinzător
confident,încrezător
easy,uşor
prominent,proeminent
presentation,prezentare
net,net
squeeze,stoarce
tobacco,tutun
significance,semnificaţie
imagination,imaginație
pretend,pretinde
mere,doar
mix,amesteca
spot,loc
fade,decolorare
steady,constant
neither,nici
target,ţintă
nowhere,nicăieri
variation,variație
radical,radical
adventure,aventură
profession,profesie
exciting,captivant
fate,Soarta
regardless,indiferent
load,sarcină
singer,cântăreaţă
distribute,distribui
ton,tonă
instance,instanță
affiliation,afiliere
hunting,vânătoare
pale,palid
paint,a picta
poet,poet
gradually,treptat
partnership,parteneriat
capability,capacitate
Canadian,canadian
tech,Tehnologie
commerce,comerţ
grandfather,bunic
bake,coace
shelf,raft
honey,Miere
round,rundă
flee,fugi
adapt,adapta
buyer,cumpărător
divorce,divorț
defensive,defensivă
bombing,bombardament
scared,speriat
gesture,gest
poetry,poezie
reserve,rezervă
satisfy,satisface
pollution,poluare
lawn,gazon
depending,în funcție
wisdom,înţelepciune
since,de cand
comfort,confort
plot,complot
vulnerable,vulnerabil
